因子名称,分割方法,因子方向,25分位数,50分位数,75分位数,因子值平均数,偏度,峰度,标准差,平均IC,平均IC前10%的均值,平均IC后10%的均值,平均ICIR,平均命中率,平均盈亏比,平均盈亏比前10%的均值,平均盈亏比后10%的均值
FCT_Donchian_Vol_Dfive,M,1,0.0246,0.3859,0.869,0.4496,0.245,-1.4961,0.3893,0.015395780724850611,0.164934175367452,-0.13379610459473726,0.2632856082013339,0.5241044805521974,1.518749829371763,2.5945331201124477,0.8986871754539689
