因子名称,分割方法,因子方向,25分位数,50分位数,75分位数,因子值平均数,偏度,峰度,标准差,平均IC,平均IC前10%的均值,平均IC后10%的均值,平均ICIR,平均命中率,平均盈亏比,平均盈亏比前10%的均值,平均盈亏比后10%的均值
FCT_Donchian_Vol_Dfive,M,1,0.0245,0.3858,0.8688,0.4496,0.2452,-1.4959,0.3893,-0.0047009179368566025,0.10899873007370631,-0.11306643310249472,-0.07208007643869181,0.49766452672550054,1.3042286493529915,1.9917411537154572,0.8968486701804839
