quantile_layer,min,max,count,avg_profit
0,0.0,0.0919925971622455,42057,-0.9768799007917995
1,0.0919961986373081,0.381145568314653,28619,-1.3212415017446109
2,0.3811480916030534,0.7430068311827758,28619,-2.903741191142022
3,0.7430103624349219,1.0,42928,3.7945967108239036
