quantile_layer,min,max,count,avg_profit
0,0.0,0.0982574205312329,42667,-0.7127200641706906
1,0.0982843463226492,0.3858994636226103,28445,-1.5776363479244
2,0.3859033555819695,0.7472671373263493,28444,-3.071442130273668
3,0.7472753710822212,1.0,42667,3.8129434132979
