因子名称,分割方法,因子方向,25分位数,50分位数,75分位数,因子值平均数,偏度,峰度,标准差,平均IC,平均IC前10%的均值,平均IC后10%的均值,平均ICIR,平均命中率,平均盈亏比,平均盈亏比前10%的均值,平均盈亏比后10%的均值
FCT_Ar_1@5,M,1,-0.2254,-0.0031,0.2212,-0.0022,0.0149,-0.3043,0.3138,0.3300452913934673,0.41792734227404443,0.20554952966503365,16.142525979180096,0.966831609765428,3.9653138706232403,6.679848677251754,2.337274448905427
