因子名称,分割方法,因子方向,25分位数,50分位数,75分位数,因子值平均数,偏度,峰度,标准差,平均IC,平均IC前10%的均值,平均IC后10%的均值,平均ICIR,平均命中率,平均盈亏比,平均盈亏比前10%的均值,平均盈亏比后10%的均值
FCT_Ar_1@5,M,-1,-0.197,-0.0028,0.1927,-0.0019,0.0295,-0.1259,0.2617,0.20431458214965192,0.3111925061282844,0.062291128422516356,5.007487194417445,0.8170882786506354,6.803236318357752,44.05076432094139,1.6897703061568867
