因子名称,分割方法,因子方向,25分位数,50分位数,75分位数,因子值平均数,偏度,峰度,标准差,平均IC,平均IC前10%的均值,平均IC后10%的均值,平均ICIR,平均命中率,平均盈亏比,平均盈亏比前10%的均值,平均盈亏比后10%的均值
FCT_Dbcd,M,1,-0.0044,0.0001,0.0045,-0.0,-0.3133,5.7383,0.009,-0.08377271347956382,0.0336698178649249,-0.20149386733825522,-2.5186235771769843,0.33966369049760864,0.9976941886824623,1.6206395709792032,0.6362418180478622
