因子名称,分割方法,因子方向,25分位数,50分位数,75分位数,因子值平均数,偏度,峰度,标准差,平均IC,平均IC前10%的均值,平均IC后10%的均值,平均ICIR,平均命中率,平均盈亏比,平均盈亏比前10%的均值,平均盈亏比后10%的均值
FCT_Dbcd,M,-1,-0.0034,0.0001,0.0035,0.0,0.0047,-0.0724,0.0052,0.07003441576598186,0.18892875835397427,-0.06584849930247148,1.2164614116913413,0.6245955018927875,2.16370922771395,4.593146415340338,1.1910353434902643
