因子名称,分割方法,因子方向,25分位数,50分位数,75分位数,因子值平均数,偏度,峰度,标准差,平均IC,平均IC前10%的均值,平均IC后10%的均值,平均ICIR,平均命中率,平均盈亏比,平均盈亏比前10%的均值,平均盈亏比后10%的均值
FCT_Br_1@5,M,1,-0.2326,0.0147,0.2605,0.0135,-0.0193,-0.4287,0.3431,0.22703544625942623,0.36313625563632446,0.02392934978262605,9.137381124979813,0.8681401823442095,2.802736428959314,5.1866948280553125,1.34957777747401
