因子名称,分割方法,因子方向,25分位数,50分位数,75分位数,因子值平均数,偏度,峰度,标准差,平均IC,平均IC前10%的均值,平均IC后10%的均值,平均ICIR,平均命中率,平均盈亏比,平均盈亏比前10%的均值,平均盈亏比后10%的均值
FCT_Br_1@5,M,-1,-0.1989,0.0182,0.2342,0.0181,0.0031,-0.4545,0.2863,0.18302559982236674,0.2950702960634708,0.050434736112184096,4.560235210615142,0.795490932198189,2.8467159315241095,6.153946393072413,1.5360459004116327
