因子名称,分割方法,因子方向,25分位数,50分位数,75分位数,因子值平均数,偏度,峰度,标准差,平均IC,平均IC前10%的均值,平均IC后10%的均值,平均ICIR,平均命中率,平均盈亏比,平均盈亏比前10%的均值,平均盈亏比后10%的均值
FCT_Ac_Tr_1@5,M,1,-0.2942,0.0091,0.3181,0.0122,0.6526,53.8778,0.4441,-0.019485338883128336,0.10323591127760247,-0.15415866798935515,-0.6488316530364611,0.46525365757112197,1.1783668516130665,2.0133351734223277,0.7387100850490804
