因子名称,分割方法,因子方向,25分位数,50分位数,75分位数,因子值平均数,偏度,峰度,标准差,平均IC,平均IC前10%的均值,平均IC后10%的均值,平均ICIR,平均命中率,平均盈亏比,平均盈亏比前10%的均值,平均盈亏比后10%的均值
FCT_Ac_Tr_1@5,M,-1,-0.2488,0.0089,0.2732,0.0116,-0.0084,-0.8485,0.3355,0.08354453075653934,0.21476309228024784,-0.06734913733002869,1.7984166345335304,0.6527428421170088,2.5900929580029364,10.548202667056087,1.0741302302146176
