因子名称,分割方法,因子方向,25分位数,50分位数,75分位数,因子值平均数,偏度,峰度,标准差,平均IC,平均IC前10%的均值,平均IC后10%的均值,平均ICIR,平均命中率,平均盈亏比,平均盈亏比前10%的均值,平均盈亏比后10%的均值
FCT_Dmi_Adxr@5,M,-1,44.3238,52.7013,62.0666,53.4919,0.2917,-0.3839,11.9277,0.0032254160565157075,0.11688650091928013,-0.1251480271353711,0.11142939902638985,0.5091292081696691,1.7156625413925424,3.9551700271955395,0.9394519314554199
