因子名称,分割方法,因子方向,25分位数,50分位数,75分位数,因子值平均数,偏度,峰度,标准差,平均IC,平均IC前10%的均值,平均IC后10%的均值,平均ICIR,平均命中率,平均盈亏比,平均盈亏比前10%的均值,平均盈亏比后10%的均值
FCT_Dmi_Adxr@5,M,1,40.9996,51.3811,62.4427,52.0402,0.2197,-0.3065,15.2692,0.0025827195305968475,0.1134729796956575,-0.09953420550829284,0.028888900374264934,0.5021827466975027,1.4066070368849584,2.491010071274785,0.9045261871489847
