因子名称,分割方法,因子方向,25分位数,50分位数,75分位数,因子值平均数,偏度,峰度,标准差,平均IC,平均IC前10%的均值,平均IC后10%的均值,平均ICIR,平均命中率,平均盈亏比,平均盈亏比前10%的均值,平均盈亏比后10%的均值
FCT_Cr_Ref_1,M,1,-0.0046,0.0,0.0049,0.0002,0.0231,0.1773,0.0076,-0.0167046942990209,0.10497721214384115,-0.12576817029006432,-0.34405102110329755,0.46573199404586435,2.382080400421629,11.406590179706136,0.9053704024033594
