因子名称,分割方法,因子方向,25分位数,50分位数,75分位数,因子值平均数,偏度,峰度,标准差,平均IC,平均IC前10%的均值,平均IC后10%的均值,平均ICIR,平均命中率,平均盈亏比,平均盈亏比前10%的均值,平均盈亏比后10%的均值
FCT_Close_0_1,M,-1,-0.0046,0.0,0.0049,0.0002,0.0233,0.179,0.0076,0.0689661286798769,0.1806920483045909,-0.050670178953581495,1.2142095038602914,0.6190607319586819,2.079219633549729,4.277910953889846,1.181316904423088
