因子名称,分割方法,因子方向,25分位数,50分位数,75分位数,因子值平均数,偏度,峰度,标准差,平均IC,平均IC前10%的均值,平均IC后10%的均值,平均ICIR,平均命中率,平均盈亏比,平均盈亏比前10%的均值,平均盈亏比后10%的均值
FCT_Close_0_1,M,1,-0.0063,0.0,0.0066,0.0002,-0.0151,6.0331,0.0148,0.7721791253209805,0.9152875562877738,0.45638293629264276,49.36239520479002,0.9831330111931761,503.60095569050594,2636.087143308141,13.67317577706904
