因子名称,分割方法,因子方向,25分位数,50分位数,75分位数,因子值平均数,偏度,峰度,标准差,平均IC,平均IC前10%的均值,平均IC后10%的均值,平均ICIR,平均命中率,平均盈亏比,平均盈亏比前10%的均值,平均盈亏比后10%的均值
FCT_Dmi_Adx@5,M,-1,36.1615,50.5134,66.4817,52.0507,0.2702,-0.6293,20.6543,0.0017320376861579884,0.11794308589932857,-0.09681959952250405,0.0162444971235158,0.5028783326337538,1.3328703044948276,2.099732659905713,0.8402274686736382
