因子名称,分割方法,因子方向,25分位数,50分位数,75分位数,因子值平均数,偏度,峰度,标准差,平均IC,平均IC前10%的均值,平均IC后10%的均值,平均ICIR,平均命中率,平均盈亏比,平均盈亏比前10%的均值,平均盈亏比后10%的均值
FCT_Dmi_Adx@5,M,1,44.7738,56.203,70.5343,58.7197,0.4936,-0.5968,17.1746,0.001956458069534256,0.1475076458426499,-0.13165329866744435,0.007354654062025122,0.499513144397836,1.760370268555817,4.123023864768495,0.8982071741739482
