因子名称,分割方法,因子方向,25分位数,50分位数,75分位数,因子值平均数,偏度,峰度,标准差,平均IC,平均IC前10%的均值,平均IC后10%的均值,平均ICIR,平均命中率,平均盈亏比,平均盈亏比前10%的均值,平均盈亏比后10%的均值
NewFactor@20,M,1,-0.0872,0.0027,0.0912,0.0019,-0.0179,-0.1034,0.129,0.18822543788591198,0.31720334160238994,0.05217504950652738,5.602789843133136,0.8173994812947751,2.559754050384299,5.325380223374989,1.434407049391891
