因子名称,分割方法,因子方向,25分位数,50分位数,75分位数,因子值平均数,偏度,峰度,标准差,平均IC,平均IC前10%的均值,平均IC后10%的均值,平均ICIR,平均命中率,平均盈亏比,平均盈亏比前10%的均值,平均盈亏比后10%的均值
FCT_Close_1_1_1,M,1,-0.0046,0.0,0.0049,0.0002,0.023,0.177,0.0076,-0.02488471224397373,0.10330950831751048,-0.14681952830482958,-0.43708994434085785,0.4625045497201782,2.277101608679299,10.528195780199987,0.8487079302295633
