因子名称,分割方法,因子方向,25分位数,50分位数,75分位数,因子值平均数,偏度,峰度,标准差,平均IC,平均IC前10%的均值,平均IC后10%的均值,平均ICIR,平均命中率,平均盈亏比,平均盈亏比前10%的均值,平均盈亏比后10%的均值
FCT_Close_1_1_1,M,1,-0.0063,0.0,0.0066,0.0002,-0.015,6.0315,0.0148,-0.039283197491956426,0.1235532583281899,-0.16080612753811124,-1.222406153607311,0.41625719219327884,1.236809289889806,2.5252413127139537,0.7268594237433246
