因子名称,分割方法,因子方向,25分位数,50分位数,75分位数,因子值平均数,偏度,峰度,标准差,平均IC,平均IC前10%的均值,平均IC后10%的均值,平均ICIR,平均命中率,平均盈亏比,平均盈亏比前10%的均值,平均盈亏比后10%的均值
FCT_Cr_Vol_Dfive,M,1,-0.2882,-0.0023,0.2861,-0.014,-53.6587,21859.5961,4.7763,0.02441261081386378,0.17915118919104267,-0.12498161510173916,0.4022041193681514,0.5364721219360459,2.630368721824139,11.141809411915915,0.9789887671029318
