因子名称,分割方法,因子方向,25分位数,50分位数,75分位数,因子值平均数,偏度,峰度,标准差,平均IC,平均IC前10%的均值,平均IC后10%的均值,平均ICIR,平均命中率,平均盈亏比,平均盈亏比前10%的均值,平均盈亏比后10%的均值
FCT_Cr_Vol_Dfive,M,1,-0.2209,-0.0025,0.2176,-0.0019,-0.0008,-0.4211,0.3078,0.006187932183390988,0.10741311992234985,-0.09156655445710342,0.0603362026890847,0.5082622631744204,1.9487860286621987,5.81345389217498,1.0334233466277576
