quantile_layer,min,max,count,avg_profit
0,0.0,0.0547263681592036,11380,0.9918454684875474
1,0.0547263681592038,0.138736263736266,9956,2.4994444116065737
2,0.1387559808612429,0.3026315789473731,21336,-0.6844328697053157
3,0.3026315789473776,0.5060240963855454,28448,-0.6449536077668888
4,0.5060240963855468,0.7085403834660932,28447,0.9959216510920832
5,0.7085427135678386,0.8695652173913041,21336,1.2845126659086674
6,0.8695652173913042,0.9531249999999986,9957,-0.5707117284172908
7,0.9531249999999992,1.0,11379,-4.684335054637899
