因子名称,分割方法,因子方向,25分位数,50分位数,75分位数,因子值平均数,偏度,峰度,标准差,平均IC,平均IC前10%的均值,平均IC后10%的均值,平均ICIR,平均命中率,平均盈亏比,平均盈亏比前10%的均值,平均盈亏比后10%的均值
FCT_Demark_Ref_1@5,M,1,0.25,0.506,0.76,0.5047,-0.0136,-1.1561,0.3025,-0.10314247136397019,0.04569381625582819,-0.2282567011467584,-3.413152582609943,0.30232548631674216,0.9339578059679212,1.7041728658932098,0.5763971459352101
