因子名称,分割方法,因子方向,25分位数,50分位数,75分位数,因子值平均数,偏度,峰度,标准差,平均IC,平均IC前10%的均值,平均IC后10%的均值,平均ICIR,平均命中率,平均盈亏比,平均盈亏比前10%的均值,平均盈亏比后10%的均值
FCT_Demark_Ref_1@5,M,-1,0.25,0.506,0.76,0.5047,-0.0136,-1.1561,0.3025,-0.13298069179946626,-0.006103661589980823,-0.2546075797353803,-3.91055216678657,0.26109880127175444,2.2836380279612176,5.570647164147234,1.3110954374006927
