quantile_layer,min,max,count,avg_profit
0,0.0,0.0480459080339061,10593,0.5719530247746972
1,0.0480599020905947,0.1329787234042555,10016,2.7017670783728716
2,0.1329870129870123,0.2983023443815678,21464,-0.4905066807095221
3,0.2983050847457627,0.5022831050228324,28619,-0.782500522692161
4,0.502283360883087,0.7068965517241371,28619,0.9614242606663972
5,0.7068965517241383,0.8684210526315815,21464,1.2956230083449438
6,0.8684210526315828,0.9523809523809548,10016,-0.36317989715835136
7,0.9523809523809552,1.0,11448,-4.577508032953329
