因子名称,分割方法,因子方向,25分位数,50分位数,75分位数,因子值平均数,偏度,峰度,标准差,平均IC,平均IC前10%的均值,平均IC后10%的均值,平均ICIR,平均命中率,平均盈亏比,平均盈亏比前10%的均值,平均盈亏比后10%的均值
FCT_Cmf_1@5,M,1,-0.1892,-0.0,0.1882,-0.0008,-0.0055,-0.2833,0.2712,0.300825685652381,0.40068540167369754,0.1886828501063634,12.209140219078053,0.9456790452055575,3.5646294321171115,6.028027997199329,2.2689701158008755
