因子名称,分割方法,因子方向,25分位数,50分位数,75分位数,因子值平均数,偏度,峰度,标准差,平均IC,平均IC前10%的均值,平均IC后10%的均值,平均ICIR,平均命中率,平均盈亏比,平均盈亏比前10%的均值,平均盈亏比后10%的均值
FCT_Cmf_1@5,M,-1,-0.1596,-0.0,0.1587,-0.0008,-0.0185,-0.8436,0.2058,0.2086193089197262,0.31401465634173975,0.06538956539475144,5.065580750036415,0.8219560546922163,3.8806798149935005,12.3765160833298,1.5773138199427033
