因子名称,分割方法,因子方向,25分位数,50分位数,75分位数,因子值平均数,偏度,峰度,标准差,平均IC,平均IC前10%的均值,平均IC后10%的均值,平均ICIR,平均命中率,平均盈亏比,平均盈亏比前10%的均值,平均盈亏比后10%的均值
Turnover,M,1,0.6446,0.9664,1.4363,1.1768,4.0986,26.8155,0.9614,-0.013325376365573655,0.11182661449537262,-0.1526626419759458,-0.11245052656221294,0.48414438983723473,2.0775448327770905,6.964532082404808,0.9174918469274765
