因子名称,分割方法,因子方向,25分位数,50分位数,75分位数,因子值平均数,偏度,峰度,标准差,平均IC,平均IC前10%的均值,平均IC后10%的均值,平均ICIR,平均命中率,平均盈亏比,平均盈亏比前10%的均值,平均盈亏比后10%的均值
Turnover,M,1,0.6,0.9797,1.6099,1.3798,22.1002,2114.2448,1.7158,0.0021970133492172175,0.16662760227945894,-0.16096127295027374,0.10320589572616896,0.5052269070961224,1.6680060256159541,3.656623701635106,0.8567742648271301
