因子名称,分割方法,因子方向,25分位数,50分位数,75分位数,因子值平均数,偏度,峰度,标准差,平均IC,平均IC前10%的均值,平均IC后10%的均值,平均ICIR,平均命中率,平均盈亏比,平均盈亏比前10%的均值,平均盈亏比后10%的均值
FCT_Demark_Vol_Dfive,M,1,0.3792,0.495,0.6055,0.4918,-0.0389,0.2006,0.1853,0.010670212824131203,0.14210474103908918,-0.12709673478886296,0.23440833408227016,0.512841414869829,1.5666816654677593,2.8534692936014974,0.8946445815238641
