因子名称,分割方法,因子方向,25分位数,50分位数,75分位数,因子值平均数,偏度,峰度,标准差,平均IC,平均IC前10%的均值,平均IC后10%的均值,平均ICIR,平均命中率,平均盈亏比,平均盈亏比前10%的均值,平均盈亏比后10%的均值
FCT_Demark_Vol_Dfive,M,-1,0.3777,0.4923,0.5995,0.4886,-0.0282,0.2489,0.1841,0.011272766831066495,0.12612899825379417,-0.10354362701389914,0.2595185772034246,0.5240870697605038,1.5118539010281504,2.7559119618676085,0.9152012867887128
