因子名称,分割方法,因子方向,25分位数,50分位数,75分位数,因子值平均数,偏度,峰度,标准差,平均IC,平均IC前10%的均值,平均IC后10%的均值,平均ICIR,平均命中率,平均盈亏比,平均盈亏比前10%的均值,平均盈亏比后10%的均值
Tr,M,1,33.9097,70.1431,140.8039,223.1195,6.3014,47.7039,648.6648,-0.002008945008816438,0.12833503334597657,-0.12657186096938441,0.029616720291646418,0.4995769563848526,114963096224.01646,1149630962226.6494,0.9249218028776853
