因子名称,分割方法,因子方向,25分位数,50分位数,75分位数,因子值平均数,偏度,峰度,标准差,平均IC,平均IC前10%的均值,平均IC后10%的均值,平均ICIR,平均命中率,平均盈亏比,平均盈亏比前10%的均值,平均盈亏比后10%的均值
Tr,M,1,35.4057,79.2523,174.5305,273.9472,12.2858,284.5907,945.7386,-0.03079764135777532,0.1912997718129483,-0.2377888758364155,-0.41948856254400724,0.45594520264452043,1.6008071956126957,3.091525843207866,0.7406406532391202
