因子名称,分割方法,因子方向,25分位数,50分位数,75分位数,因子值平均数,偏度,峰度,标准差,平均IC,平均IC前10%的均值,平均IC后10%的均值,平均ICIR,平均命中率,平均盈亏比,平均盈亏比前10%的均值,平均盈亏比后10%的均值
Amihud@5,M,-1,0.0148,0.0325,0.0897,22702095.2059,29.6738,1057.6361,469264878.3367,0.022286219038534248,0.17136012658355074,-0.10922869526433629,0.5076190813432658,0.5355097519362921,1.2956867690123466,2.1165112528671264,0.7734110940400004
