因子名称,分割方法,因子方向,25分位数,50分位数,75分位数,因子值平均数,偏度,峰度,标准差,平均IC,平均IC前10%的均值,平均IC后10%的均值,平均ICIR,平均命中率,平均盈亏比,平均盈亏比前10%的均值,平均盈亏比后10%的均值
Amihud@5,M,-1,0.0161,0.0321,0.0775,0.3462,28.3863,883.0127,5.4452,-0.02262826813223993,0.1206565056879916,-0.16738632970227615,-0.311240036042382,0.4682758924467628,1.6991897954498572,3.95301788653635,0.8574619096082382
