因子名称,分割方法,因子方向,25分位数,50分位数,75分位数,因子值平均数,偏度,峰度,标准差,平均IC,平均IC前10%的均值,平均IC后10%的均值,平均ICIR,平均命中率,平均盈亏比,平均盈亏比前10%的均值,平均盈亏比后10%的均值
Amihud@5,M,-1,0.0,0.0,0.0,0.0,52.8663,4072.3392,0.0001,0.022365733292550892,0.17253605353799575,-0.11303805958817158,0.5014689439915285,0.536205722344954,2.979598639748837,18.866223518225688,0.7668772753524409
