因子名称,分割方法,因子方向,25分位数,50分位数,75分位数,因子值平均数,偏度,峰度,标准差,平均IC,平均IC前10%的均值,平均IC后10%的均值,平均ICIR,平均命中率,平均盈亏比,平均盈亏比前10%的均值,平均盈亏比后10%的均值
Amihud@5,M,-1,0.0148,0.0322,0.0873,4.7485,52.8663,4072.3392,116.7373,0.02236573329255115,0.1725360535379975,-0.11303805958817176,0.5014689439915333,0.536205722344954,2.9795986397495438,18.86622351823282,0.7668772753524391
