因子名称,分割方法,因子方向,25分位数,50分位数,75分位数,因子值平均数,偏度,峰度,标准差,平均IC,平均IC前10%的均值,平均IC后10%的均值,平均ICIR,平均命中率,平均盈亏比,平均盈亏比前10%的均值,平均盈亏比后10%的均值
FCT_Demark_Atr_Dfive,M,1,0.25,0.4823,0.726,0.4891,0.0513,-1.061,0.2922,-0.0020296520691195858,0.1366834899214064,-0.13126612036553698,-0.11940789560685489,0.49551397435177286,1.3304074342727217,2.12502419214732,0.8058598816927245
