quantile_layer,min,max,count,avg_profit
0,0.0,0.0571428571428536,11361,-2.122812604410544
1,0.0571428571428544,0.1438334293468369,9940,-2.1105244180771563
2,0.1438356164383554,0.3000000000000002,21302,-0.05732144395999334
3,0.3000000000000003,0.4821428571428575,28401,-0.2610543001931635
4,0.4821428571428589,0.6731680558038011,28401,0.6783908135681442
5,0.6731707317073181,0.8389746981651213,21301,0.07931967264413906
6,0.8389830508474504,0.9331797235022964,9940,2.9593388923301966
7,0.9332023575638518,1.0,11361,0.2932651808433309
