quantile_layer,min,max,count,avg_profit
0,0.0,0.0476190476190476,10361,-3.5591088653975653
1,0.0476190476190486,0.1357882623705394,10016,-1.3347987266534567
2,0.1358024691357819,0.2946900827184044,21464,-0.19709055677524065
3,0.2946933265839845,0.4786324786324807,28619,-0.06108867611933385
4,0.4786324786324828,0.6710526315789475,28619,0.6797364499377625
5,0.6710526315789476,0.8376623376623411,21464,0.1202240000507366
6,0.8376623376623425,0.9321867623164354,10016,2.826318245676598
7,0.932188250422342,1.0,11448,0.8493745376341262
