因子名称,分割方法,因子方向,25分位数,50分位数,75分位数,因子值平均数,偏度,峰度,标准差,平均IC,平均IC前10%的均值,平均IC后10%的均值,平均ICIR,平均命中率,平均盈亏比,平均盈亏比前10%的均值,平均盈亏比后10%的均值
FCT_Demark_Atr_Dfive,M,1,0.25,0.4821,0.726,0.489,0.0516,-1.0608,0.2922,-0.002848147431822081,0.14650279046788015,-0.1283221528945543,0.021156913078882154,0.5003137870483212,1.3144282956612543,2.2258836926482752,0.8460624749984754
