因子名称,分割方法,因子方向,25分位数,50分位数,75分位数,因子值平均数,偏度,峰度,标准差,平均IC,平均IC前10%的均值,平均IC后10%的均值,平均ICIR,平均命中率,平均盈亏比,平均盈亏比前10%的均值,平均盈亏比后10%的均值
FCT_Bias_1@5,M,1,-0.4614,0.0113,0.4893,0.0116,-0.0369,0.256,0.7032,0.5386957669008845,0.657311324049165,0.32006139075221296,37.51996506610196,0.9785114367788904,10.55415170159107,22.137548011008718,3.908670856013144
