因子名称,分割方法,因子方向,25分位数,50分位数,75分位数,因子值平均数,偏度,峰度,标准差,平均IC,平均IC前10%的均值,平均IC后10%的均值,平均ICIR,平均命中率,平均盈亏比,平均盈亏比前10%的均值,平均盈亏比后10%的均值
FCT_Bias_1@5,M,-1,-0.3825,0.0113,0.4112,0.0133,-0.0126,-0.8432,0.5127,0.26218337996751184,0.35675112989779284,0.1300407711866096,7.246101692682495,0.8862441507705414,3.730636032191095,6.267687653004867,2.023647706071911
