因子名称,分割方法,因子方向,25分位数,50分位数,75分位数,因子值平均数,偏度,峰度,标准差,平均IC,平均IC前10%的均值,平均IC后10%的均值,平均ICIR,平均命中率,平均盈亏比,平均盈亏比前10%的均值,平均盈亏比后10%的均值
FCT_Cr_Atr_Dfive,M,1,-0.1104,0.013,0.1243,-0.0034,-18.7769,30049.2178,1.4687,-0.004198526131923529,0.15326659358671413,-0.16461529640805658,-0.02781563008580453,0.4932928427299675,1.564704058512008,2.870423405754661,0.8614956582914934
