因子名称,分割方法,因子方向,25分位数,50分位数,75分位数,因子值平均数,偏度,峰度,标准差,平均IC,平均IC前10%的均值,平均IC后10%的均值,平均ICIR,平均命中率,平均盈亏比,平均盈亏比前10%的均值,平均盈亏比后10%的均值
FCT_Cci@20,M,-1,-76.2186,1.8511,82.0392,2.8931,0.0089,-1.1479,91.9058,0.25264693501416696,0.35513584579060786,0.10435387048236476,7.513671052564308,0.8816021124977601,3.680379813378561,8.60051023397884,1.9996804248227629
