因子名称,分割方法,因子方向,25分位数,50分位数,75分位数,因子值平均数,偏度,峰度,标准差,平均IC,平均IC前10%的均值,平均IC后10%的均值,平均ICIR,平均命中率,平均盈亏比,平均盈亏比前10%的均值,平均盈亏比后10%的均值
FCT_Cci@20,M,1,-84.5094,1.8417,90.6319,2.8343,-0.014,-0.4231,111.4249,0.1795716934423011,0.3051469563223877,0.007661872254667409,8.028541542465806,0.8463573281901747,2.2025662085925135,3.9968142000432842,1.2108734822480316
