因子名称,分割方法,因子方向,25分位数,50分位数,75分位数,因子值平均数,偏度,峰度,标准差,平均IC,平均IC前10%的均值,平均IC后10%的均值,平均ICIR,平均命中率,平均盈亏比,平均盈亏比前10%的均值,平均盈亏比后10%的均值
FCT_Close_1_1,M,-1,-0.0063,0.0,0.0066,0.0002,-0.0152,6.0326,0.0148,-0.06914495636842131,0.062535886051274,-0.21186429161248777,-2.076806455385519,0.36654707268024284,1.9309670150331057,3.9988586909727,1.0456214523718197
